{
  "scidocs-jina-logprobs": {
    "a": 0.4042268991470337,
    "b": 0.03161398321390152,
    "c": 0.10317405313253403
  },
  "scidocs-jina-openai-emb": {
    "a": 0.5612255930900574,
    "b": 0.5774301886558533,
    "c": 0.25544482469558716
  },
  "scidocs-mxbread-logprobs": {
    "a": 0.3148358166217804,
    "b": 1.4917324781417847,
    "c": 0.08632280677556992
  },
  "scidocs-mxbread-openai-emb": {
    "a": 0.338122695684433,
    "b": 0.5154953598976135,
    "c": 0.21189162135124207
  },
  "fiqa-mxbread-logprobs": {
    "a": 0.31484255194664,
    "b": 1.4867593050003052,
    "c": 0.06905397772789001
  },
  "fiqa-mxbread-openai-emb": {
    "a": 0.4862578511238098,
    "b": 1.3531473875045776,
    "c": 0.5773259997367859
  },
  "fiqa-jina-openai-emb": {
    "a": 0.6975535154342651,
    "b": 0.5231052041053772,
    "c": 0.25024136900901794
  },
  "fiqa-jina-logprobs": {
    "a": 0.5143491625785828,
    "b": 0.32020872831344604,
    "c": 0.1262720376253128
  },
  "fiqa-jina-logprobs-ordinal": {
    "a": 0.4146082401275635,
    "b": 0.38299083709716797,
    "c": 0.09738567471504211
  },
  "fiqa-mxbread-logprobs-ordinal": {
    "a": 0.3334101736545563,
    "b": 0.38164329528808594,
    "c": 0.048932384699583054
  },
  "scidocs-jina-logprobs-ordinal": {
    "a": 0.42938706278800964,
    "b": 0.2937796711921692,
    "c": 0.10147938132286072
  },
  "scidocs-mxbread-logprobs-ordinal": {
    "a": 0.2888209819793701,
    "b": 0.41548529267311096,
    "c": 0.06406106799840927
  }
}